311,20000725,"E028      "
311,20000728,"E029      "
311,20000730,"E030      "
311,20000728,"E031      "
2,19970813,"C569      "
2,19970815,"C459      "
2,19980210,"C732      "
225,20000724,"E031      "
225,20000730,"E031      "
225,20000801,"E033      "
312,20000816,"E065      "
312,20000828,"E066      "
305,20000501,"E081      "
7,20000501,"E081      "
34,20000501,"E081      "
409,20030910,"G825      "
409,20030912,"G842      "
341,20010913,"E508      "
409,20031024,"G936      "
409,20031027,"G936      "
317,20000923,"E107      "
324,19991216,"D764      "
409,20031028,"G936      "
144,20000919,"E111      "
144,20000926,"E109      "
147,20001001,"E124      "
147,20001002,"E125      "
147,20001004,"E126      "
317,20001003,"E127      "
354,20021015,"G442      "
409,20031112,"G939      "
409,20031119,"G942      "
324,20000109,"D765      "
324,20001215,"E257      "
317,20000612,"E123C     "
317,20000628,"E123D     "
317,20000708,"E123E     "
317,20000919,"E123G     "
317,20000927,"E123H     "
317,20000926,"E123H     "
147,20001005,"E128      "
324,20010110,"E289      "
324,20010116,"E308      "
324,20010124,"E310B     "
324,20010129,"E390      "
220,20001013,"E139A     "
220,20001016,"E143      "
324,20010323,"E428      "
220,20001017,"E144      "
324,20010326,"E449      "
63,20001030,"E188      "
317,20001030,"E188      "
312,20001030,"E189      "
220,20001031,"E187      "
427,20050114,"H811      "
312,20001108,"E217      "
63,20001110,"E218      "
324,20010329,"E449      "
324,20010330,"E467      "
324,20011128,"E537A     "
318,20001111,"E230      "
319,20000801,"E233      "
208,20001114,"E247      "
208,20001117,"E247      "
46,20001115,"E248      "
324,20011129,"E546      "
220,20001202,"E252      "
256,20001205,"E252      "
324,20011226,"E568      "
317,20001213,"E255      "
324,20020104,"E597      "
324,20020116,"E657      "
321,20001215,"E259      "
321,20001216,"E257      "
321,20001218,"E260      "
321,20001227,"E261      "
321,20001227,"E262      "
321,20001229,"E263      "
321,20001230,"E264      "
321,20001231,"E267A     "
3,19821024,"2455      "
3,19821105,"2494      "
3,19821110,"2495      "
3,19821116,"2496      "
3,19830125,"2565      "
3,19830127,"2566      "
3,19830202,"2573      "
3,19880302,"3574      "
3,19880308,"3575      "
5,19820303,"2171      "
5,19820409,"2171A     "
5,19820710,"2362      "
5,19820822,"2389      "
5,19830722,"2796      "
5,19980525,"D488      "
6,19990701,"D594      "
6,19990906,"D668      "
6,19990916,"D673      "
6,19990926,"D710      "
6,19990926,"D711      "
7,19910126,"5136      "
7,19910214,"3136A     "
7,19980223,"0804      "
7,19980329,"0804A     "
7,19980528,"D262      "
9,19800426,"0845      "
9,19950101,"8006      "
10,19990501,"D543      "
12,19960222,"9899      "
12,19960227,"9984      "
12,19960302,"9986      "
15,19800426,"0837      "
15,19800426,"0839      "
15,19800426,"0840      "
15,19800426,"0841      "
600,20100117,"J895      "
105,19980527,"D259      "
105,19980603,"D258      "
105,20070115,"J018      "
105,20070413,"J118      "
17,19990620,"D634      "
18,19510303,"0117      "
19,19500613,"0120      "
19,19501024,"0122      "
19,19801208,"1353      "
20,19800718,"0960      "
20,19800826,"0961A     "
20,19810220,"1728      "
20,19880722,"4333      "
20,19881116,"4333A     "
20,19890219,"4333B     "
20,19980501,"D488      "
21,19810110,"1550      "
105,20091124,"J853      "
105,20100307,"J901      "
427,20080413,"J525      "
513,20060321,"I769      "
513,20060322,"I769      "
649,20100203,"JA95      "
649,20100206,"J898      "
649,20100208,"J898      "
649,20100210,"J900      "
649,20100211,"J899      "
427,20080831,"J599      "
427,20090106,"J715      "
603,20081115,"J644      "
603,20081128,"J645      "
601,20081017,"J612      "
601,20081018,"J611      "
601,20081021,"J635      "
601,20081121,"J658      "
602,20081115,"J642      "
602,20081126,"J645      "
602,20081127,"J645      "
602,20081128,"J645      "
602,20081129,"J662      "
427,20100210,"J899      "
427,20100521,"J916      "
31,20001214,"E256      "
31,20001215,"E257      "
31,20010130,"E340      "
31,20010131,"E341      "
31,20010315,"E389      "
31,20011226,"E553      "
31,20011228,"E549      "
427,20050115,"H811      "
427,20051218,"I673      "
105,19980120,"C703      "
105,19980125,"C703A     "
105,19980503,"C946      "
631,20091014,"j842      "
23,19800501,"0878      "
25,19800321,"0756      "
26,19500131,"0056A     "
26,19500325,"0088      "
26,19500214,"0056B     "
26,19500219,"0056C     "
26,19500227,"0061      "
27,19970117,"A083A     "
27,19970327,"A983B     "
27,19970330,"A983C     "
27,19970118,"C593      "
27,19970119,"C594      "
27,19970304,"C595      "
27,19970727,"C596      "
27,19970727,"C597      "
27,19970313,"C598      "
27,19970320,"C599      "
27,19970731,"C600      "
28,19970212,"B349      "
28,19970218,"B350      "
28,19970302,"B350A     "
28,19970327,"A983B     "
28,19970330,"A983C     "
28,19970401,"C650      "
28,19990524,"D622      "
28,19990529,"D622      "
28,19990723,"D653      "
28,19990723,"D654      "
28,19990730,"D659      "
28,19990731,"D661      "
29,19500127,"0025      "
29,19500214,"0025A     "
29,19500217,"0033      "
30,19510324,"0137      "
30,19510401,"0138      "
30,19510429,"0188      "
324,20020329,"E837      "
324,20020406,"E853      "
324,20020422,"G490      "
324,20020518,"F337      "
324,20020526,"F357      "
324,20020602,"F358      "
324,20020608,"F358A     "
619,20090404,"J798A     "
324,20020807,"F763      "
324,20021121,"G477      "
324,20021209,"G538      "
324,20030114,"G582      "
324,20030116,"G586      "
620,20090528,"J798A     "
620,20090529,"J798B     "
620,20090530,"J799B     "
324,20030608,"G703      "
324,20030616,"G705      "
324,20031201,"G972      "
324,20031210,"G976      "
324,20040203,"H043      "
324,20040208,"H045      "
324,20060801,"I945      "
324,20061105,"J002      "
324,20061106,"J002      "
324,20070204,"J055      "
324,20070208,"J056      "
324,20071101,"J551      "
324,20091004,"J831      "
631,20091018,"j842      "
427,20080401,"J489      "
630,20091004,"j833      "
427,20080403,"J482      "
600,20081008,"J608      "
600,20081009,"J611      "
600,20081013,"J611      "
600,20081014,"J611      "
600,20090618,"J810      "
600,20090622,"J812      "
600,20090623,"J814      "
600,20100116,"J894      "
32,19890202,"4644      "
32,19890313,"4644A     "
33,19791105,"0595A     "
33,19791121,"0642      "
33,19791218,"0645      "
33,19791113,"0596      "
65,19800321,"0757      "
65,19800325,"0758      "
65,19800718,"0881B     "
65,19800718,"0967      "
34,19990604,"D626      "
34,19990225,"D187      "
34,19990313,"D188      "
34,19990501,"D543      "
34,19990504,"D613      "
35,19721002,"0526      "
36,19900919,"5244      "
36,19910307,"5246      "
36,19910318,"5246A     "
37,19800502,"0943      "
37,19800708,"0948A     "
38,19800509,"0900      "
38,19800708,"0908A     "
38,19800718,"0908B     "
38,19810112,"0908C     "
38,19820623,"0908D     "
39,19811019,"1969      "
39,19811230,"1969      "
40,19980619,"D271      "
41,19730329,"0568      "
41,19730408,"0570      "
41,19730508,"0592      "
41,19730529,"0594      "
42,19730411,"0739      "
42,19800319,"0739A     "
43,19730325,"0567      "
43,19730409,"0574      "
44,19970101,"A984      "
44,19970109,"A993      "
31,20020702,"F363B     "
45,19720521,"0336      "
45,19720530,"0339      "
45,19720601,"0350      "
46,19800819,"1093      "
46,19800911,"1133      "
46,19801003,"1134A     "
46,19800826,"1095A     "
47,19750403,"0703      "
47,19750409,"0705      "
48,19800819,"0959A     "
48,19810122,"0959B     "
49,19720507,"0328      "
50,19800412,"0792      "
50,19800512,"0910      "
50,19800708,"0921A     "
51,19810910,"1930      "
51,19811019,"1931A     "
52,19800324,"0731B     "
53,19990107,"D185      "
53,19990313,"D186      "
53,19990314,"D186      "
53,19990501,"D543      "
54,19800325,"0801      "
54,19800330,"0801A     "
55,19720830,"0520      "
56,19970101,"B782      "
57,19730403,"0571      "
57,19730411,"0573      "
58,19800401,"0769      "
59,19961225,"A979      "
59,19970108,"A980      "
59,19970112,"B777      "
59,19980907,"D365      "
59,19981020,"D366      "
59,19990101,"D526      "
59,19990612,"D633      "
59,19990620,"D633      "
59,19991213,"D748      "
60,19961027,"A999      "
61,19810110,"1552      "
62,19720806,"0513      "
62,19720814,"0514      "
62,19730112,"0529      "
62,19730311,"0556      "
62,19730317,"0564      "
62,19730325,"0566      "
62,19800324,"0566A     "
63,19991227,"D753      "
63,19991230,"D754      "
63,20000105,"D758      "
64,19990402,"D213      "
64,19990419,"D213      "
64,19990419,"D215      "
64,19990501,"D552      "
66,19980224,"C801      "
66,19980329,"C803A     "
66,19980526,"C803B     "
66,19981117,"D429      "
67,19730223,"0540A     "
67,19730225,"0549      "
67,19730306,"0554      "
68,19980911,"D353      "
68,19980911,"D354      "
68,19990101,"D539      "
68,19991101,"D580      "
68,20000106,"D760      "
69,19800728,"1058      "
69,19800921,"1058A     "
69,19801107,"1058D     "
70,19800504,"0898      "
70,19800714,"0899D     "
70,19810122,"0899F     "
70,19810410,"0899G     "
70,19810610,"0899H     "
71,19810216,"1641      "
71,19810616,"1642A     "
71,19990208,"D148      "
71,19990222,"D171      "
72,19800601,"0922      "
72,19800708,"0926A     "
72,19800715,"0926B     "
73,19781113,"0730      "
73,19781109,"0731      "
73,19800321,"0731A     "
74,19720718,"0367      "
75,19611003,"1033      "
76,19980801,"C799      "
76,19980801,"D489      "
76,19990501,"D551      "
77,19980801,"D489      "
78,19801103,"1281      "
78,19801107,"1285      "
79,19720507,"0330      "
79,19720521,"0336      "
80,19800731,"1057      "
80,19800819,"1057A     "
80,19810122,"1057B     "
81,19980602,"D258      "
81,19980531,"D260      "
82,19970101,"B781      "
82,19970427,"B789      "
82,19970501,"C503      "
83,19730125,"0550      "
83,19730303,"0551      "
84,19991101,"D580      "
85,19740528,"0697      "
85,19800319,"0697A     "
85,19800324,"0697B     "
85,19800421,"0806      "
85,19800627,"0811A     "
86,19501015,"0097A     "
31,20011231,"E552      "
31,20020215,"E775      "
31,20020301,"E805      "
31,20020404,"E854      "
31,20020405,"E855      "
31,20051206,"I620      "
31,20051221,"I673      "
31,20060109,"I674      "
31,20060110,"I675      "
632,20091018,"J844      "
31,20060114,"I677      "
31,20060115,"I678      "
89,19800424,"0818      "
89,19800627,"0823A     "
89,19811123,"0823B     "
89,19811218,"0823C     "
89,19820114,"0823D     "
375,20030122,"G587      "
590,20071101,"J533      "
590,20080420,"J552      "
590,20090801,"J823      "
590,20090819,"J842      "
375,20030123,"G587      "
375,20091027,"J848      "
375,20091029,"J848      "
31,20060116,"I678      "
31,20060501,"I909      "
31,20060505,"I909      "
91,19800606,"0927      "
91,19800608,"0927A     "
92,19881031,"4548      "
92,19881201,"4549      "
92,19890103,"4593      "
92,19890113,"4599      "
92,19890121,"4599A     "
93,19980610,"D394      "
93,19980801,"D489      "
94,19800331,"0768      "
95,19810110,"1551      "
96,19800627,"0878A     "
96,19801109,"1293      "
96,19801117,"1295A     "
96,19860715,"3508      "
96,19980801,"D489      "
96,19990712,"D650      "
97,19730624,"0686      "
97,19800315,"0752      "
98,19851005,"3312      "
98,19851110,"3466      "
99,19810123,"1512      "
99,19810218,"1638      "
99,19810616,"1640A     "
100,19800403,"0730B     "
101,19980501,"D468      "
102,19800627,"0882A     "
102,19810122,"0882B     "
103,19800826,"1098      "
103,19810121,"1098A     "
104,19990724,"D635      "
104,19990828,"D636      "
31,20020807,"F763      "
31,20030630,"G713      "
31,20030713,"G686A     "
31,20030901,"G845      "
31,20040504,"H307      "
31,20040805,"H481      "
106,19800505,"0882      "
106,19800720,"0882C     "
31,20050717,"I269      "
31,20050722,"I370      "
31,20050724,"I397      "
31,20050919,"I529      "
31,20050920,"I53O      "
31,20051008,"I578      "
31,20051104,"I618      "
31,20051126,"I601      "
108,19811019,"1968      "
109,19720701,"0358      "
110,19970101,"A984      "
110,19970101,"B776      "
111,19530922,"0217      "
112,19510807,"0189      "
113,19960422,"B000      "
113,19960503,"B001      "
113,19960505,"B002      "
113,19960513,"B003      "
114,19980801,"D489      "
115,19851020,"3361      "
115,19871202,"3560D     "
115,19880105,"3560E     "
116,19900104,"B828      "
116,19900115,"B829      "
116,19900226,"B831      "
31,20051203,"I623      "
643,20091221,"J882      "
642,20091218,"J880      "
642,20091223,"J883      "
642,20091224,"J883      "
120,19940301,"7802      "
120,19980126,"C736      "
121,19961121,"A963      "
121,19961213,"A964      "
121,19970101,"A985      "
121,19970101,"B777      "
122,19960319,"A228      "
122,19960330,"A228      "
122,19960501,"A228B     "
122,19960513,"A228B     "
122,19960513,"A228C     "
122,19960513,"A228D     "
123,19880301,"3560C     "
123,19910402,"5321      "
123,19910412,"5322A     "
123,19910417,"5322F     "
123,19910422,"5377      "
123,19910408,"5322D     "
123,19910418,"5322G     "
123,19930116,"6445      "
123,19930227,"6645      "
123,19930531,"7412      "
123,19970101,"A984      "
123,19970101,"B775      "
124,19891209,"B819      "
124,19900113,"B920      "
124,19900122,"B822      "
124,19900129,"B824      "
124,19900726,"B827      "
125,19980203,"C403B     "
125,19980218,"C770      "
125,19980225,"C775      "
126,19981208,"D063      "
126,19981217,"D064      "
126,19981217,"D065      "
126,19981219,"D067      "
126,19981219,"D068      "
126,19981219,"D070      "
126,19990104,"D080      "
126,19990106,"D080      "
126,19981229,"D081      "
126,19990111,"D089      "
126,19990114,"D094      "
126,19990117,"D094      "
126,19990119,"D095      "
126,19990122,"D098      "
126,19990123,"D100      "
126,19990202,"D110      "
126,19990202,"D109      "
126,19990203,"D111      "
126,19990211,"D128      "
126,19990209,"D129      "
126,19990228,"D150A     "
126,19990419,"D214      "
126,19990528,"D623      "
126,19990915,"D672      "
126,19990914,"D672      "
127,19970911,"C579      "
127,19970916,"C580      "
127,19970918,"C580      "
127,19970920,"C581      "
128,19951020,"9523      "
128,19951022,"9526A     "
130,19910312,"5279      "
130,19910318,"5280      "
130,19910325,"5292      "
130,19910401,"5303      "
130,19910428,"5372      "
130,19910420,"5373      "
130,19910505,"5407      "
130,19910511,"5408A     "
130,19910515,"5408B     "
130,19910604,"5408C     "
130,19910611,"5408D     "
141,19981111,"D085      "
141,19990108,"D086      "
141,19990109,"D087      "
164,19921110,"6265      "
164,19921119,"6328      "
164,19921125,"6333      "
164,19921130,"6362      "
164,19970101,"B775      "
164,19971228,"C728      "
164,19980801,"D490      "
31,20060708,"I936      "
31,20060822,"I955      "
31,20060827,"I956      "
31,20060901,"i961      "
31,20060902,"I961      "
31,20061209,"J005      "
31,20070114,"J013      "
31,20070119,"J018      "
164,19910126,"5135      "
164,19910222,"5247      "
164,19910308,"5249      "
164,19910416,"5249A     "
164,19910501,"5249F     "
164,19911003,"5579      "
164,19911216,"5591      "
164,19920923,"6251      "
132,19961126,"A967      "
132,19961214,"A972      "
132,19970104,"A975      "
132,19970113,"B004      "
132,19970115,"B074      "
132,19970101,"A985      "
132,19970101,"B777      "
132,19970120,"B816      "
133,19940831,"7855      "
133,19940914,"7863      "
134,20000403,"D816      "
134,20000404,"D816      "
134,20000414,"D816      "
135,19981107,"D021      "
135,19981115,"D033      "
135,19981119,"D029      "
135,19990624,"D649      "
136,19800426,"0837      "
137,19510313,"0131      "
138,19960218,"9896      "
139,19890321,"4659      "
141,19970101,"B782      "
139,19890401,"4659B     "
139,19890326,"4659A     "
139,19890416,"4659C     "
139,19891114,"4659Q     "
139,19891118,"4659R     "
139,19910323,"5304      "
139,19910401,"5305      "
139,19930507,"6760      "
139,19930511,"7163      "
139,19940822,"7971      "
139,19940827,"7972      "
139,19970901,"C418      "
139,19970817,"C467      "
139,19970824,"C470      "
139,19970901,"C469      "
140,19690602,"0224      "
140,19710610,"0260      "
140,19720910,"0522      "
140,19721029,"0535      "
140,19721105,"0548      "
140,19730529,"0684      "
140,19730924,"0689      "
140,19751005,"0709      "
140,19751010,"0711      "
140,19751027,"0715      "
140,19760303,"0718      "
140,19760313,"0721      "
142,19920120,"5689      "
142,19920125,"5691      "
142,19921108,"6272      "
142,19921115,"6291      "
143,19981216,"D409      "
144,19990510,"D618      "
144,19990530,"D618      "
144,19990530,"D629      "
144,19990604,"D629      "
144,19990604,"D632      "
144,19990610,"D632      "
145,19960211,"9861      "
145,19960217,"9901      "
145,19960222,"9905      "
145,19960308,"9989      "
145,19970101,"A995      "
145,19970101,"B776      "
145,19970101,"B782      "
146,19920116,"5677      "
146,19920106,"5678      "
146,19920123,"5711      "
146,19920204,"5771      "
146,19920224,"5773A     "
147,19970101,"A984      "
147,19970112,"A995A     "
147,19970217,"A994A     "
147,19970324,"A995      "
147,19970101,"B776      "
147,19991118,"D232      "
147,19980522,"D264      "
147,19980801,"D490      "
148,19971029,"C545      "
148,19971103,"C545      "
148,19970927,"C582      "
148,19971028,"C583      "
149,19801208,"1352      "
149,19801215,"1352A     "
149,19801222,"1352F     "
149,19810121,"1352H     "
149,19880419,"4300      "
149,19981113,"D425      "
150,19910330,"5337      "
150,19910403,"5337A     "
150,19910410,"5348      "
151,19960213,"9894      "
151,19960222,"9895B     "
152,19980831,"D330      "
153,19950419,"8106      "
153,19980203,"C403A     "
154,19991030,"D742      "
154,19991029,"D743      "
156,19940401,"7093      "
156,19940814,"7968      "
157,19940709,"7932      "
157,19940716,"7943      "
157,19940414,"8025      "
157,19940523,"8026      "
157,19940619,"8027      "
158,19881110,"4516      "
158,19890113,"4545A     "
158,19890123,"4545B     "
158,19890126,"4545H     "
158,19890202,"4545I     "
158,19900104,"4768      "
159,19990414,"D660      "
159,19990730,"D660      "
160,19970101,"A985      "
160,19961211,"A986      "
160,19970101,"B776      "
160,19970101,"B781      "
161,19970101,"A984      "
161,19970101,"B775      "
161,19970101,"B783      "
162,19980801,"D263      "
162,19980801,"D490      "
163,19881125,"4546      "
163,19881130,"4547      "
164,20091008,"J848A     "
31,20070303,"J098      "
31,20070608,"J123      "
31,20070716,"J129      "
31,20070720,"J133      "
31,20070721,"J134      "
31,20070831,"J177      "
164,20030614,"G682A     "
164,20031221,"H008      "
164,20031230,"H011      "
164,20040422,"H126      "
164,20040423,"H138      "
164,20070912,"J188      "
164,20070913,"J189      "
164,20070915,"J186      "
164,20080520,"j579      "
164,20090729,"J822      "
165,19961115,"B096C     "
165,19970209,"B096F     "
165,19970204,"B096D     "
166,19951201,"9844      "
166,19981101,"D397      "
167,19800407,"0771      "
167,19800608,"0780A     "
167,19800623,"0780B     "
167,19800429,"0790      "
167,19800501,"0824      "
167,19800430,"0883      "
167,19801112,"1297      "
167,19801112,"1303      "
168,19890312,"4656      "
168,19900309,"4656D     "
168,19900322,"4656G     "
168,19900402,"4656H     "
168,19900406,"4656I     "
168,19970101,"A987      "
169,19881007,"4550      "
169,19881201,"4551      "
169,19881208,"4600      "
169,19890113,"4601      "
169,19890118,"4601A     "
170,19990317,"D189      "
170,19990323,"D189      "
170,19990330,"D189      "
170,19990409,"D207      "
170,19990409,"D208      "
171,19881112,"4512      "
171,19890113,"4512A     "
172,19880417,"3597      "
173,19920127,"5718      "
173,19920220,"6212      "
173,19920303,"6241      "
173,19920530,"6248      "
173,19920929,"6249      "
173,19921107,"6250      "
173,19921123,"6341      "
173,19921128,"6334      "
173,19930224,"6569      "
173,19930329,"7307      "
173,19940506,"7357      "
173,19941008,"7527      "
173,19941115,"7531      "
173,19950219,"7930      "
173,19950313,"7931      "
173,19950326,"8072      "
173,19961026,"C870      "
173,19961105,"C917      "
174,19851116,"3471      "
174,19851128,"3472      "
174,19851205,"3474      "
174,19851217,"3479      "
174,19860104,"3497      "
174,19860117,"3498      "
174,19860129,"3499      "
174,19860511,"3502      "
174,19860517,"3503      "
174,19860526,"3504      "
174,19860716,"3509      "
174,19860726,"3510      "
174,19861013,"3511      "
174,19861026,"3516      "
174,19861102,"3517      "
174,19870308,"3544A     "
174,19870317,"3544B     "
174,19951230,"9840      "
174,19960105,"9840      "
174,19980803,"D332      "
174,19980806,"D334      "
174,19980901,"D335      "
174,19980923,"D336      "
174,19981019,"D337      "
175,19960213,"C538      "
175,19960214,"C544      "
176,19861027,"3518      "
176,19861102,"3519      "
176,19861107,"3520      "
176,19900131,"3523A     "
176,19900212,"3523B     "
176,19900404,"3523C     "
176,19900411,"3523D     "
177,19981216,"D071      "
177,19981220,"D072      "
177,19981229,"D075      "
177,19990101,"D074A     "
177,19991225,"D485      "
179,19961122,"A917      "
180,19980120,"C487A     "
181,19800426,"0826      "
182,19890701,"4748      "
182,19891121,"4748A     "
183,19910513,"5426      "
183,19910515,"5433      "
183,19910809,"5566      "
183,19910817,"5568      "
184,19961118,"A910      "
184,19970101,"A984      "
184,19970101,"B775      "
184,19981101,"D508      "
185,19690112,"4681      "
186,19910429,"5404      "
186,19910504,"5405      "
186,19910509,"5406      "
187,19930421,"7425A     "
187,19930523,"7425B     "
187,19940516,"7460A     "
188,19970802,"C483      "
188,19970820,"C484      "
188,19970916,"C486      "
189,19990801,"D562      "
191,19510418,"0132      "
191,19500613,"0178      "
192,19930227,"6570      "
193,19980114,"C704      "
193,19980203,"C713      "
193,19980220,"C776      "
194,19800426,"0848      "
195,19720811,"0516      "
196,19960304,"TELCON    "
196,19960321,"A169      "
197,19980801,"D490      "
198,19910904,"5569      "
198,19910908,"5570      "
198,19911227,"5578A     "
198,19931206,"6831A     "
198,19960731,"B351      "
198,19960815,"B367      "
198,19960821,"B371      "
198,19960805,"B508      "
198,19960925,"B529      "
198,19961006,"B706      "
198,19960622,"B708      "
198,19960628,"B757      "
198,19970216,"B760      "
198,19970221,"B766      "
198,19970410,"B767      "
198,19970830,"C473      "
198,19970422,"C501      "
198,19970629,"C557      "
198,19971017,"C584      "
198,19980129,"C716      "
198,19980214,"C740      "
198,19980311,"C846      "
198,19990604,"D631      "
198,19990921,"D674      "
198,19990802,"D684      "
198,20000313,"D811      "
198,20000313,"D812      "
199,19861110,"3524      "
199,19861202,"3526      "
200,19990723,"D655      "
200,19990723,"D656      "
201,19500726,"0091A     "
201,19500809,"0091D     "
202,19980801,"D490      "
203,19980701,"D326      "
203,19980714,"D328      "
203,19980715,"D329      "
203,19980803,"D328      "
203,19990101,"D527      "
203,19991206,"D747      "
203,19991217,"D749      "
204,19981101,"D508      "
205,19930313,"6741      "
205,19930328,"6742      "
205,19930507,"6745A     "
206,19800426,"0854      "
206,19800426,"0855      "
207,19980501,"D475      "
208,19990923,"D700      "
209,19971010,"D627      "
209,19990531,"D628      "
210,19720718,"0367      "
210,19800307,"0738      "
211,20000401,"D814      "
211,20000402,"D813      "
211,20000403,"D813      "
211,20000404,"D805      "
212,19900112,"4771      "
212,19970101,"B782      "
213,19880127,"3577      "
213,19880421,"3577A     "
214,19970716,"C559      "
214,19970727,"C561      "
214,19970728,"C562      "
214,19970731,"C565      "
214,19970810,"C562      "
215,19800411,"0804      "
215,19800425,"0805A     "
215,19810716,"0805C     "
215,19810727,"1908      "
215,19810802,"1916      "
216,19970703,"C499      "
216,19970712,"C498      "
217,19980501,"D475      "
217,19990801,"D561      "
218,19890203,"4652      "
218,19890211,"4658      "
218,19910101,"5122      "
218,19980830,"D112      "
218,19990202,"D113      "
218,19990302,"D113A     "
219,19970814,"C465      "
219,19990914,"D673      "
220,19910805,"5470      "
220,19910813,"5474      "
220,19910828,"5475      "
220,19910904,"5484      "
220,19911003,"5485      "
220,19911024,"5486      "
220,19911205,"5489      "
220,19911113,"5439      "
220,19951106,"9806      "
220,19951116,"9808      "
220,19991113,"D229      "
220,19991201,"D250      "
220,19991206,"D373      "
220,19991207,"D374      "
220,19990617,"D637      "
220,19990627,"D649      "
220,19990621,"D650      "
220,19991208,"D747      "
220,20000202,"D803      "
220,20000203,"D803      "
220,20000220,"D809      "
220,20000221,"D810      "
221,19910201,"5164      "
221,19910205,"5166      "
221,19930603,"7414      "
221,19930613,"7415      "
222,19910411,"5522      "
222,19910707,"5523      "
223,19980602,"D265      "
223,19980801,"D491      "
224,19980801,"D491      "
224,19981101,"D508      "
225,19970226,"B455B     "
225,19970304,"B455C     "
225,19980801,"D490      "
225,19990101,"D527      "
226,19961226,"A976      "
226,19970101,"B776      "
226,19970101,"B781      "
226,19970101,"B783      "
227,19720712,"0364      "
227,19800309,"0737      "
228,19721002,"0524      "
229,19961113,"A933      "
229,19961130,"A934      "
229,19961206,"A935      "
229,19961210,"A951      "
229,19961206,"A942      "
229,19990501,"D557      "
230,19800708,"0950      "
230,19800717,"0950A     "
230,19800726,"1035      "
230,19800813,"1059      "
230,19800821,"1091      "
230,19800829,"1099      "
230,19800909,"1135      "
230,19801003,"1192      "
230,19801013,"1277      "
230,19801030,"1279      "
230,19801108,"1286      "
230,19801117,"1302      "
230,19801122,"1310      "
230,19801205,"1354      "
230,19801221,"1411      "
230,19810119,"1555      "
230,19810130,"1566      "
230,19810221,"1643      "
230,19810331,"1737      "
230,19810415,"1847      "
230,19810808,"1847      "
230,19810808,"1929      "
230,19810825,"1929A     "
230,19811017,"1970      "
230,19811105,"2037      "
230,19810120,"2130      "
230,19820706,"2342      "
230,19821018,"2451A     "
230,19890327,"9450      "
231,19970827,"C572      "
232,19800412,"0793      "
232,19800424,"0812      "
232,19800430,"0817A     "
232,19800627,"0817B     "
232,19800503,"0879      "
232,19800921,"1181      "
232,19801003,"1182A     "
232,19810320,"1736      "
233,19800426,"0826      "
233,19740701,"0835      "
234,19900322,"4790      "
234,19900325,"4791      "
234,19900405,"4795      "
234,19900418,"4795A     "
234,19900418,"4795B     "
234,19900501,"4934      "
234,19900513,"4958      "
234,19900604,"4959      "
234,19900611,"4978      "
234,19900601,"4979      "
234,19901108,"4983      "
234,19910110,"4983A     "
234,19910123,"4983B     "
234,19910129,"4983F     "
234,19910225,"4983G     "
234,19910317,"4983H     "
234,19910506,"4983J     "
235,19890116,"4617      "
235,19890124,"4617A     "
235,19890201,"4617F     "
235,19890212,"4617G     "
236,19980823,"D396      "
236,19981101,"D508      "
237,19990530,"D617      "
237,19990507,"D617      "
237,19990604,"D631      "
237,19990807,"D658      "
237,20000110,"D763      "
238,19920102,"5773      "
238,19920115,"5778      "
238,19920128,"5779      "
238,19920212,"5830      "
239,19890118,"4619      "
239,19890130,"4619A     "
240,19800426,"0826      "
241,19970827,"C574      "
241,19970901,"C576      "
241,19970916,"C577      "
241,19970924,"C578      "
242,19910411,"5394      "
243,19800412,"0791      "
243,19800426,"0825      "
243,19800627,"0877A     "
244,19990101,"D527      "
245,19801125,"1349      "
245,19801208,"1351B     "
245,19801214,"1527      "
245,19810204,"1726      "
246,19800428,"0868      "
246,19800428,"0869      "
247,19961211,"B835      "
248,19980127,"C714A     "
248,19980203,"C714B     "
248,19980207,"C715      "
248,19980211,"C715A     "
249,19890101,"4642      "
249,19890201,"4643      "
249,19891101,"4660      "
249,19911227,"5646      "
249,19920101,"5648      "
251,19970101,"A985      "
251,19970101,"B776      "
251,19981101,"D508      "
252,19981101,"D508      "
253,19810110,"1553      "
255,19151121,"0092      "
256,19990106,"D082A     "
256,19990106,"D083      "
256,19990111,"D089      "
256,19990111,"D090      "
256,19990112,"D091      "
256,19990114,"D093      "
256,19990117,"D092      "
256,19990119,"D097      "
256,19990121,"D099      "
256,19990130,"D104      "
256,19990131,"D108      "
256,19990212,"D128      "
256,19990205,"D129      "
256,19990208,"D130      "
256,19990212,"D146      "
256,19990214,"D147      "
256,19990223,"D147      "
256,19990227,"D173      "
256,19990303,"D174      "
256,19990307,"D175      "
256,19990330,"D190      "
256,19991103,"D231      "
256,20000331,"D813      "
257,19890117,"4620      "
257,19890120,"4621      "
258,19981005,"D026      "
258,19990101,"D526      "
258,19990101,"D534      "
259,19830421,"2691      "
259,19830425,"2693      "
259,19830503,"2719      "
259,19850406,"3293      "
259,19850428,"3294      "
260,19870314,"3544C     "
260,19870318,"3544D     "
260,19870324,"3544E     "
260,19880201,"3544F     "
260,19890101,"3544G     "
261,19880302,"3573      "
261,19880314,"3573A     "
261,19880418,"3573C     "
262,19890301,"4655      "
262,19890310,"4655A     "
263,19990112,"D091      "
263,19990116,"D095      "
263,19990122,"D098      "
263,19990123,"D100      "
263,19990202,"D109      "
263,19990202,"D110      "
264,19960304,"9907      "
265,19880417,"3596      "
266,19880418,"3598      "
266,19880422,"4327      "
266,19881113,"4330      "
266,19980430,"C947      "
266,19980508,"C948      "
266,19980623,"D279      "
266,19980624,"D286      "
266,19980625,"D287      "
266,19980625,"D288      "
266,19980911,"D395      "
266,19981101,"D509      "
268,19881001,"4552      "
268,19881202,"4556      "
269,19890113,"4623      "
269,19890121,"4636      "
270,19860210,"3500      "
270,19860428,"3501      "
270,19890315,"4665      "
270,19890330,"4668      "
270,19970215,"VISIT     "
270,19970427,"B814      "
270,19970502,"B815      "
271,19980601,"D270      "
272,19910809,"5505      "
272,19910827,"5506      "
272,19911215,"5508      "
31,20071018,"J223      "
31,20071019,"J219      "
31,20071208,"J387      "
274,19961130,"A965      "
274,19961214,"A966      "
274,19961227,"A981      "
274,19970101,"A985      "
274,19970101,"B777      "
275,19821024,"2456      "
275,19821027,"2461      "
275,19821030,"2486      "
275,19821202,"2508      "
276,19981101,"D509      "
277,19980801,"D491      "
277,19990501,"D543      "
278,19890116,"4618      "
278,19890125,"4618A     "
279,19720709,"0366      "
279,19720801,"0370      "
280,19940419,"A982      "
565,20070601,"J124      "
565,20080629,"J814      "
282,19960502,"A229      "
282,19960503,"A232      "
282,19960408,"B093      "
282,19960501,"B093      "
282,19970123,"B094      "
282,19970128,"B095      "
282,19970201,"B096      "
283,19920426,"6160      "
283,19920513,"6161      "
283,19921111,"6267      "
284,19960527,"A997      "
284,19960603,"A998      "
285,19990501,"D552      "
286,19910421,"5370      "
286,19910428,"5371      "
286,19910510,"5424      "
286,19911125,"5592      "
286,19911216,"5594      "
286,19910507,"5397      "
286,19910509,"5403A     "
287,19890430,"4710      "
287,19890503,"4710A     "
288,19990518,"D621      "
288,19990529,"D621      "
288,19990531,"D630      "
289,19990424,"D21       "
289,19990425,"D215      "
289,19990502,"D216      "
289,19990502,"D230      "
289,19991119,"D232      "
289,19990622,"D240      "
289,19990928,"D243      "
289,19991013,"D244      "
289,19991019,"D244      "
289,19991020,"D245      "
289,19991127,"D246      "
289,19991129,"D247      "
289,19991129,"D248      "
289,19991201,"D250      "
289,19990514,"D620      "
289,19990829,"D663      "
289,19990904,"D664      "
289,19991130,"D744      "
289,19991201,"D745      "
290,19500610,"0173      "
291,19880301,"3560A     "
291,19880308,"3560B     "
292,19970723,"C566      "
292,19970727,"C567      "
292,19970810,"C567      "
293,19730311,"0560      "
294,19960106,"9841      "
298,19800426,"0829      "
298,19080116,"0862      "
298,19110717,"0862      "
299,19780707,"0729      "
302,19720101,"0354      "
302,19720202,"0356      "
302,19720303,"0357      "
302,19730325,"0553      "
302,19800320,"0742      "
302,19810101,"1927A     "
303,20000401,"D817      "
198,20000315,"D819      "
198,20000315,"D820      "
198,20000423,"D821      "
59,20000229,"D824      "
220,20000313,"D845      "
10,20000201,"D852      "
31,20071211,"J389      "
220,20000424,"D865      "
220,20000425,"D866      "
220,20000426,"D868      "
31,20071225,"J413      "
31,20071227,"J412      "
31,20080224,"J467      "
31,20080227,"J467      "
608,20090203,"J724      "
198,20000428,"D869      "
211,20000502,"D869      "
34,20000424,"D871      "
305,20000427,"D873      "
63,20000425,"D874A     "
63,20000522,"D874B     "
306,20000501,"D876      "
31,20080229,"J467      "
289,20000523,"D931      "
220,20000523,"D929      "
63,20000522,"D930      "
225,20000523,"D931      "
225,20000524,"D932      "
306,20000525,"D933      "
321,20001231,"E264      "
82,20000503,"D919      "
82,20000522,"D920      "
305,20000521,"D920      "
7,20000501,"D921      "
321,20000101,"E267A     "
220,20000513,"D926      "
225,20000525,"D932      "
220,20000512,"D941      "
225,20000527,"D959      "
225,20000531,"D960      "
220,20000528,"D959      "
289,20000531,"D960      "
289,20000609,"D962      "
225,20000531,"D961      "
203,20000604,"D962      "
309,20000506,"D963      "
306,20000609,"D964      "
306,20000531,"D934A     "
225,20000610,"D965      "
307,20000609,"D967      "
198,20000603,"D966      "
198,20000627,"D970      "
225,20000619,"D974      "
220,20000622,"D975      "
63,20000622,"D976      "
59,20000622,"D976      "
59,20000622,"D977      "
63,20000720,"E024      "
225,20000724,"E024      "
225,20000718,"E025      "
225,20000718,"E026      "
63,20000704,"E025      "
237,20000724,"E027      "
63,20000724,"E027      "
225,20000724,"E027      "
321,20010101,"E268A     "
321,20010102,"E268A     "
321,20010102,"E269      "
321,20010104,"E270      "
321,20010104,"E271      "
322,20000826,"E271      "
322,20000831,"E270      "
322,20010104,"E272      "
46,20010101,"E273      "
46,20010106,"E274      "
322,20010106,"E275      "
322,20010108,"E276      "
322,20010111,"E274      "
323,20010113,"E272      "
323,20010111,"E277      "
321,20010110,"E278      "
321,20010113,"E287      "
321,20010114,"E286      "
46,20010113,"E288      "
611,20090302,"J264      "
31,20080413,"J517      "
615,20090323,"J747      "
323,20010115,"E314      "
323,20010119,"E314      "
198,20010109,"E312      "
613,20090306,"J739      "
599,20080925,"J600      "
208,20010125,"E310B     "
322,20010120,"E331      "
34,20010120,"E340      "
34,20010129,"E339      "
613,20090307,"J748      "
322,20010126,"E341      "
614,20090502,"J807      "
325,20010202,"E342      "
325,20010202,"E343      "
322,20010204,"E344      "
325,20010204,"E342      "
325,20010205,"E343      "
322,20010217,"E345      "
322,20010217,"E372      "
322,20010218,"E372      "
322,20010219,"E373      "
327,20010216,"E374      "
327,20010220,"E376      "
327,20010221,"E377      "
328,20010220,"E345A     "
328,20010221,"E345A     "
322,20010222,"E372      "
328,20010301,"E377      "
329,20000401,"E387      "
615,20090324,"J747      "
599,20080926,"J607      "
330,20010311,"E401      "
330,20010318,"E401A     "
31,20080516,"j568      "
331,20010311,"E402      "
599,20081225,"J713      "
332,20010225,"E403      "
31,20080517,"j569      "
330,20010319,"E401B     "
332,20010320,"E408      "
616,20090320,"J747      "
229,20010321,"E408      "
229,20010322,"E409      "
229,20010222,"E426      "
540,20070113,"J020      "
306,20010321,"E448      "
247,20010325,"E450      "
540,20070115,"J020      "
604,20081230,"J714      "
229,20010322,"E456      "
604,20081231,"J714      "
247,20010330,"E467      "
63,20010418,"E469      "
325,20010420,"E471      "
332,20010420,"E470      "
63,20010420,"E471      "
247,20010422,"E473      "
247,20010423,"E473      "
332,20010421,"E474      "
332,20010424,"E475      "
63,20010424,"E477      "
540,20090504,"J750      "
141,20010425,"E477      "
617,20090409,"J751      "
141,20010428,"E479      "
333,20010512,"E481      "
333,20010617,"E484      "
333,20010618,"E479      "
617,20090410,"J750      "
617,20090413,"J798      "
617,20090414,"J800      "
540,20090505,"J755      "
31,20081130,"J670      "
335,20010530,"E488      "
335,20010910,"E489      "
31,20081231,"J716      "
31,20090112,"J720      "
533,20060920,"I986      "
533,20071101,"j535      "
31,20090206,"J738      "
31,20090213,"J741      "
31,20090409,"J795      "
614,20090313,"J747      "
337,20010911,"E494      "
614,20090501,"J806      "
31,20080307,"4/10/2008 "
31,20080319,"J488      "
338,20010913,"E502      "
341,20010911,"E495      "
31,20080409,"J513      "
321,20010811,"E497      "
341,20010912,"E498      "
31,20080410,"J515      "
609,20090204,"J736      "
332,20010913,"E500      "
609,20090205,"J736      "
341,20010913,"E501      "
341,02000914,"E501      "
31,20091016,"J843      "
340,20010917,"E502      "
335,20010917,"E502      "
335,20010916,"E503      "
335,20010917,"E504      "
31,20091018,"J844      "
31,20091215,"J878      "
337,20010918,"E507      "
340,20010918,"E508      "
337,20010919,"E509      "
335,20010919,"E510      "
337,20010920,"E511      "
533,20111116,"B52-1     "
662,20120420,"CO:P5-10  "
653,20100518,"J912      "
653,20100519,"J912      "
653,20100527,"J925      "
341,20010926,"E515      "
31,20091216,"J879      "
31,20091218,"J863      "
31,20091221,"J883      "
31,20091227,"J883      "
337,20010929,"E517      "
335,20011002,"E518      "
335,20011002,"E519      "
341,20011005,"E520      "
31,20100331,"J907      "
335,20011007,"E522      "
335,20011009,"E521      "
333,20010626,"E522      "
333,20010624,"E522      "
342,20010215,"E426      "
342,20011107,"E427      "
31,20100519,"J914      "
31,20100520,"J913      "
31,20100527,"J916      "
341,20011110,"E528      "
31,20100705,"J945      "
316,20000501,"E081      "
316,20000908,"E074      "
358,20021021,"G439      "
335,20010918,"E533      "
650,20100308,"J901      "
344,20011120,"E530      "
491,20050828,"I472      "
491,20050830,"I472      "
316,20000914,"E074A     "
316,20000919,"E074      "
335,20011127,"E536A     "
316,20000920,"E074B     "
316,20000923,"E109      "
316,20000924,"E110      "
606,20090109,"J719      "
333,20011128,"E545      "
333,20011130,"E545      "
333,20011203,"E545      "
333,20011204,"E547      "
333,20011205,"E547      "
333,20011205,"E548      "
606,20090110,"J720      "
333,20011206,"E548      "
606,20090111,"J721      "
345,20011223,"E549      "
345,20011226,"E550      "
345,20011226,"E551      "
333,20011208,"E552      "
235,20011210,"E553      "
606,20090112,"J721      "
346,20011231,"E553      "
333,20011210,"E552      "
316,20000926,"E108      "
316,20000930,"E107      "
335,20020104,"E592      "
335,20020105,"E594      "
316,20001005,"E129      "
333,20020101,"E597      "
347,20020102,"E596      "
347,20020103,"E596      "
335,20020106,"E598      "
331,20010319,"E401A     "
330,20010801,"E627      "
316,20001010,"E142      "
305,20010801,"E628      "
189,20010801,"E628      "
333,20010801,"E628      "
306,20000710,"E664      "
350,20020125,"E681      "
82,20020121,"E679      "
82,20020126,"E680      "
351,20010502,"E682      "
350,20020127,"E681      "
325,20010507,"E684      "
325,20010511,"E684      "
325,20010507,"E686      "
174,20010407,"E729      "
174,20020128,"E730      "
63,20010427,"E743      "
198,20010429,"E750      "
27,20010331,"C600A     "
316,20001012,"E143      "
641,20091218,"J879      "
198,20020208,"E822      "
174,20020329,"E827      "
651,20100330,"j907      "
651,20100405,"J907      "
652,20100421,"J909      "
605,20081228,"J714      "
352,20020410,"E855      "
352,20020410,"E857      "
605,20090101,"J714      "
605,20090113,"J723      "
605,20090115,"J723      "
652,20100422,"J907      "
352,20020411,"E857I     "
352,20020412,"E857I     "
355,20020301,"F001      "
316,20001018,"E143      "
84,19850404,"3291      "
84,19850426,"3292      "
115,20020505,"F012      "
115,20020501,"F009      "
356,20020510,"F013      "
356,20020511,"F013      "
198,20020517,"F336      "
198,20020523,"F330      "
316,20001108,"E218      "
391,20030601,"G701      "
31,20090727,"J819      "
31,20090829,"J831      "
31,20090909,"J832      "
357,20020603,"F359      "
115,20020602,"F359      "
357,20020605,"F360      "
198,20020607,"F360      "
341,20020610,"F361      "
341,20020611,"F363      "
31,20090910,"J832      "
31,20090918,"J833      "
31,20090930,"J848A     "
31,20091003,"J848A     "
31,20091004,"J848A     "
198,20020807,"F763      "
28,20021012,"G434      "
621,20090530,"J799A     "
141,20010416,"G435      "
90,19990205,"D111      "
621,20090830,"J829      "
28,20021014,"G438      "
621,20090918,"J832      "
391,20040224,"H061      "
90,19630422,"2694      "
90,19830311,"2607      "
391,20060615,"I798      "
359,20021023,"G461      "
359,20021029,"G461      "
162,20021102,"G462      "
90,19841215,"2622      "
90,19980506,"C944      "
360,20021111,"G465      "
361,20021111,"G466      "
361,20021112,"G466      "
361,20021112,"G467      "
149,20021112,"G467      "
362,20021105,"G468      "
362,20021113,"G468      "
363,20021108,"G463      "
363,20021114,"G464A     "
363,20021115,"G464B     "
90,19980702,"D300      "
364,20021114,"G473      "
364,20021114,"G474      "
361,20021116,"G474      "
365,20021116,"G474      "
117,19970101,"B776      "
149,20021114,"G475      "
149,20021116,"G475      "
117,19970110,"A994      "
117,19970128,"B798      "
146,20021208,"G525      "
146,20021209,"G525      "
366,20021203,"G523      "
366,20021205,"G523      "
366,20021205,"G524      "
198,20021027,"G526      "
625,20090701,"J815      "
341,20021214,"G564      "
367,20021211,"G564      "
365,20021216,"G569      "
368,19951021,"E869      "
368,20021225,"G569      "
368,20021231,"G570      "
368,20021231,"G573      "
369,20021220,"G568      "
369,20021220,"G569      "
369,20021222,"G565      "
369,20021231,"G570      "
369,20021231,"G572      "
370,20021229,"G570      "
370,20021231,"G573      "
328,20030101,"G573      "
328,20030101,"G574      "
365,20030102,"G574      "
365,20030106,"G575      "
365,20030109,"G575      "
371,20030102,"G574      "
371,20030106,"G575      "
371,20030109,"G576      "
371,20030110,"G576      "
365,20030110,"G576      "
372,20030114,"G582      "
625,20090702,"J815      "
373,20030111,"G583      "
373,20030112,"G583      "
373,20030112,"G584      "
373,20030113,"G585      "
344,20030115,"G585      "
372,20030116,"G585      "
625,20090910,"J829      "
374,20030121,"G586      "
391,20060616,"I765      "
391,20060617,"I807      "
374,20030121,"G588      "
374,20030122,"G588      "
374,20030128,"G590      "
376,20030130,"G593      "
377,20030207,"G593      "
377,20030207,"G594      "
377,20030208,"G595      "
113,20020929,"G374      "
378,20030219,"G595      "
378,20030220,"G596      "
27,20030225,"G596      "
379,20021101,"G604      "
380,20030302,"G597      "
380,20030307,"G597      "
381,20030304,"G598      "
381,20030307,"G598      "
382,20030227,"G619      "
371,20030312,"G618      "
371,20030313,"G617      "
377,20030311,"G598      "
59,20030312,"G598      "
365,20030314,"G620      "
59,20030314,"G619      "
377,20030314,"G619      "
383,20030309,"G621      "
383,20030314,"G621      "
384,20030316,"G620      "
384,20030317,"G622      "
385,20030317,"G620      "
385,20030317,"G622      "
625,20090918,"J829      "
386,19880712,"6478      "
386,19921209,"6485      "
387,20030329,"G647      "
382,20030305,"G635      "
387,20030331,"G648      "
388,20030405,"G652      "
388,20030407,"G652      "
390,20030603,"G701      "
391,20060618,"I831      "
621,20090529,"J798B     "
394,20030609,"G704      "
84,20030611,"G680A     "
391,20060724,"I937      "
395,20030613,"G681A     "
398,20030619,"G706      "
391,20070107,"J002      "
289,20030622,"G683A     "
399,20030625,"G684A     "
399,20030626,"G684A     "
399,20030626,"G685A     "
381,20030626,"G711      "
381,20030626,"G712      "
390,20030630,"G685A     "
390,20030702,"G685A     "
400,20030707,"G686A     "
381,20030627,"G712      "
400,20030710,"G686A     "
391,20040216,"H049      "
401,20030617,"G713      "
402,20030710,"G721      "
402,02030713,"G722      "
403,20030710,"G687A     "
403,20030712,"G687A     "
403,20030710,"G686A     "
391,20040217,"H051      "
400,20030712,"G687A     "
400,20030710,"G687A     "
404,20030725,"G691A     "
404,20030721,"G689A     "
235,20030719,"G689A     "
235,20030720,"G689A     "
252,20030708,"G723      "
252,20030721,"G735      "
404,20030721,"G690      "
405,20030722,"G691A     "
405,20030723,"G691A     "
402,20030728,"G692A     "
406,20030811,"G693A     "
28,20030813,"G693A     "
28,20030814,"G692A     "
394,20030816,"G694A     "
28,20030815,"G694A     "
394,20030816,"G695A     "
394,20030817,"G695A     "
407,20030827,"G680A     "
408,20030827,"G681A     "
408,20030827,"G687A     "
407,20030827,"G683A     "
407,20030828,"G695A     "
408,20030828,"G688A     "
404,20030713,"G688A     "
408,20030829,"G696A     "
408,20030902,"G696A     "
404,20030904,"G714      "
410,20030901,"G825      "
90,19990914,"D669      "
90,19990915,"D671      "
90,19991205,"D745      "
404,20030907,"G854      "
408,20030915,"G696A     "
408,20030922,"G869      "
408,20030922,"G903      "
411,20030922,"G737      "
412,20030920,"G697A     "
412,20030921,"G697A     "
412,20030922,"G701      "
412,20030922,"G720      "
408,20030924,"G720      "
412,20020924,"G735      "
408,20030924,"G741      "
412,20030925,"G741      "
412,20030925,"G755      "
411,20031002,"G843      "
415,20030930,"G866      "
413,20031007,"G856      "
390,20031004,"G845      "
390,20031005,"G845      "
390,20031005,"G853      "
412,20031006,"G843      "
390,20031009,"G849      "
412,20031008,"G866      "
412,20031012,"G866      "
416,20031012,"G917      "
421,20031013,"G918      "
418,20031013,"G918      "
390,20031008,"G853      "
416,20031015,"G918      "
419,20031013,"G918      "
419,20031015,"G918      "
416,20031016,"G919      "
419,20031016,"G919      "
416,20031016,"G920      "
420,20031016,"G919      "
420,20031017,"G920      "
419,20031017,"G920      "
607,20090111,"j721      "
421,20031022,"G932      "
421,20031023,"G932      "
408,20031021,"G932      "
421,20031023,"G935      "
421,20031027,"G935      "
408,20031023,"G935      "
598,20080909,"J599B     "
598,20080910,"J600      "
90,19991206,"D746      "
412,20031027,"G936      "
422,20031028,"G937      "
335,20011011,"E522      "
335,20011011,"E523      "
335,20011012,"E524      "
416,20031107,"G938      "
423,20031108,"G938      "
421,20031108,"G939      "
421,20031111,"G941      "
597,20080221,"J466      "
28,20031116,"G939      "
416,20031118,"G942      "
423,20031119,"G942      "
565,20080630,"J813      "
421,20031119,"G942      "
335,20030730,"G946      "
335,20030805,"G946      "
335,20031120,"G946      "
423,20031119,"G942      "
90,20000424,"D866      "
424,20031126,"G953      "
424,20031127,"G953      "
424,20031127,"G954      "
424,20031128,"G962      "
423,20031121,"G953      "
90,20000425,"D867      "
424,20031129,"G962      "
416,20031202,"G963      "
424,20031202,"G962      "
416,20031203,"G963      "
424,20031203,"G964      "
425,20030316,"G967      "
426,20031204,"G966      "
624,20090701,"J815      "
478,20050403,"H923      "
478,20050404,"H923      "
597,20080409,"J512      "
90,20021008,"G436      "
90,20050704,"I250      "
330,20031210,"G964      "
66,20031208,"G965      "
66,20031212,"G965      "
341,20031212,"G967      "
332,20031212,"G965      "
341,20031213,"H001      "
341,20031214,"H003      "
166,20031221,"G977      "
316,20001110,"E218      "
90,20070311,"J107      "
316,20001111,"E230      "
256,20031225,"H012      "
256,20040107,"H012      "
256,20040107,"H013      "
256,20040110,"H013      "
394,20040112,"H013      "
394,20040113,"H011      "
428,20040120,"H012      "
429,20040118,"H014      "
270,20040124,"H014      "
597,20080412,"J523      "
597,20080413,"J529      "
270,20040125,"H029      "
90,20091004,"j846      "
391,20070111,"J015      "
430,20040210,"H046      "
430,20040211,"H046      "
431,20040215,"H030      "
431,20040215,"H029      "
391,20070112,"J014      "
391,20070506,"J120      "
391,20100430,"J912      "
431,20040216,"H045      "
235,20040216,"H049      "
235,20040216,"H050      "
235,20040218,"H050      "
316,20010607,"E489      "
597,20080713,"J588      "
431,20040218,"H051      "
597,20081022,"J613      "
499,20051116,"i592      "
499,20051121,"I596      "
316,20021012,"G433      "
434,20040224,"H062      "
434,20040224,"H064      "
433,20040224,"H061      "
433,20040225,"H065      "
594,20080625,"J588      "
429,20040121,"H066      "
429,20040227,"H066      "
141,20040301,"H073      "
235,20040302,"H074      "
341,20040301,"H074      "
341,20040302,"H081      "
141,20040302,"H081      "
28,20040302,"H082      "
607,20090205,"J727      "
436,20040308,"H083      "
594,20080628,"J588      "
436,20040311,"H081      "
595,20080624,"J587      "
595,20080628,"J588      "
437,20040308,"H085      "
252,20040308,"H088      "
607,20091218,"J882      "
235,20040305,"H083      "
235,20040311,"H080      "
438,20040317,"H081      "
64,20040316,"H082      "
64,20040317,"H090      "
438,20040317,"H090      "
235,20040319,"H086D     "
316,20021014,"G439      "
64,20040318,"H086D     "
412,20040322,"H090      "
439,20040629,"H487      "
437,20040321,"H115      "
235,20040321,"H115      "
316,20021015,"G440      "
412,20040223,"H116      "
439,20040323,"H116      "
429,20040228,"H095      "
439,20040327,"H116      "
440,20040325,"H116      "
440,20040327,"H117      "
441,19210917,"H119      "
440,20040404,"H126      "
416,20040324,"H127      "
416,20040406,"H138      "
316,20021115,"G469      "
316,20021117,"G475      "
442,20040421,"H138      "
443,20040421,"H155      "
443,20040422,"H155      "
316,20030314,"G622      "
316,20031106,"G952      "
316,20031121,"G953      "
444,20040426,"H117      "
444,20040427,"H117      "
444,20040429,"H168      "
445,20040425,"H292      "
445,20040502,"H292      "
607,20090112,"j721      "
446,20040509,"H292      "
446,20040510,"H309      "
446,20040511,"H309      "
447,20040513,"H309      "
595,20080629,"J583      "
596,20080703,"J589      "
448,20040519,"H394      "
448,20040519,"H395      "
448,20040529,"H396      "
439,20040522,"H395      "
439,20040529,"H396      "
449,20040524,"H395      "
449,20040529,"H396      "
28,20040602,"H396      "
28,20040603,"H417      "
596,20080704,"J589      "
28,20040602,"H418      "
28,20040605,"H418      "
450,20040524,"H395      "
450,20040529,"H396      "
450,20040606,"H418      "
450,20040606,"H419      "
28,20040610,"H420      "
28,20040610,"H421      "
28,20040618,"H443      "
28,20040624,"H442      "
334,20010530,"E485      "
334,20010603,"E486      "
334,20010909,"E487      "
439,20040821,"H490      "
451,20040707,"H488      "
451,20040709,"H487      "
452,20040709,"H489      "
452,20040710,"H490      "
452,20040714,"H489      "
452,20040715,"H489      "
452,20040715,"H490      "
416,20040717,"H493      "
454,20040722,"H440      "
454,20040723,"H441      "
453,20040719,"H438      "
455,20040810,"H481      "
219,20040804,"H481      "
607,20090113,"J723      "
456,20040904,"H684      "
456,20040825,"H555      "
456,20040826,"H558      "
456,20040831,"H684      "
457,20040901,"H683      "
457,20040905,"H683      "
458,20040911,"H687      "
458,20040912,"H693      "
458,20040913,"H694      "
416,20040913,"H634      "
219,20040916,"H713      "
459,20041002,"H718      "
459,20041003,"H719      "
459,20041004,"H720      "
597,20081023,"J613      "
334,20010529,"E488      "
460,20041013,"H721      "
460,20041014,"H731      "
607,20090203,"J726      "
460,20041015,"H720      "
460,20041015,"H732      "
460,20041017,"H733      "
461,20041017,"H732      "
461,20041018,"H734      "
461,20041029,"H734      "
461,20041108,"H734      "
462,20041024,"H743      "
462,20041106,"H743      "
499,20080708,"J591      "
463,20041109,"H743      "
463,20041110,"H744      "
115,20041206,"H745      "
115,20041207,"H746      "
115,20041208,"H746      "
597,20080417,"J530      "
597,20080418,"J531      "
334,20011110,"E529      "
334,20011111,"E531      "
412,20041212,"H786      "
235,20041219,"H786      "
465,20041226,"H786      "
466,20050104,"H808      "
466,20050106,"H808      "
115,20041231,"H807      "
465,20050101,"H808      "
334,20011115,"E531      "
334,20011117,"E529      "
334,20011121,"E535A     "
467,20050117,"H842      "
467,20050118,"H842      "
468,20050117,"H841      "
334,20011127,"E536A     "
469,20050128,"H843      "
469,20050129,"H844      "
470,20050129,"H844      "
470,20050130,"H846      "
334,20011128,"E536A     "
471,20050129,"H845      "
470,20050120,"H846      "
467,20050201,"H847      "
472,20050201,"H848      "
472,20050204,"H848      "
473,20050208,"H846      "
473,20050209,"H849      "
474,20050209,"H849      "
475,20050204,"H851      "
475,20050211,"H853      "
476,20050301,"H841      "
476,20050309,"H841      "
426,20050309,"H849      "
477,20050304,"H891      "
334,20011207,"E535A     "
334,20021108,"G463      "
28,20050309,"H892      "
476,20050311,"H913      "
476,20050311,"H914      "
223,20050311,"H913      "
223,20050311,"H914      "
446,20050310,"H892      "
446,20050312,"H914      "
28,20050312,"H914      "
223,20050312,"H915      "
459,20050313,"H915      "
471,20050313,"H915      "
477,20050313,"H916      "
476,20050313,"H917      "
476,20050313,"H918      "
459,20050313,"H917      "
223,20050313,"H917      "
459,20050315,"H918      "
476,20050315,"H919      "
459,20050315,"H919      "
459,20050316,"H920      "
476,20050321,"H920      "
476,20050323,"H922      "
334,20021109,"G465      "
383,20050323,"H922      "
476,20050323,"H923      "
477,20050324,"H933      "
477,20050325,"H933      "
478,20050520,"I181      "
478,20050622,"I182      "
334,20040628,"H443      "
421,20050405,"H934      "
430,20050406,"H934      "
479,20050409,"H924      "
479,20050410,"H946      "
480,20050411,"H945      "
480,20050411,"H946      "
480,20050411,"H947      "
220,20050425,"H973      "
220,20050425,"H947      "
480,20050413,"H947      "
334,20040629,"H487      "
334,20050705,"I268      "
252,20050526,"I023      "
46,20050505,"I024      "
46,20050528,"I057      "
334,20050811,"I472      "
478,20070309,"J109      "
478,20071001,"J213      "
334,20060219,"I756      "
482,20050619,"I159      "
334,20060220,"I756      "
483,20050620,"I180      "
482,20050620,"I180      "
484,20050621,"I180      "
484,20050621,"I181      "
478,20071003,"J213      "
478,20090626,"J816      "
484,20050621,"I182      "
482,20050622,"I182      "
252,20050621,"I183      "
316,20040406,"H153      "
485,20050703,"I149B     "
334,20010910,"E496      "
334,20010911,"E494      "
334,20010912,"E499      "
486,20050713,"I151      "
486,20050714,"I174      "
421,20050718,"I204      "
421,20050721,"I204      "
107,19991119,"D230      "
487,20050722,"I371      "
107,19991122,"D230      "
107,19991201,"D231      "
413,20050804,"I208      "
413,20050807,"I210      "
413,20050808,"I217      "
489,20050808,"i397      "
488,20050807,"I269      "
488,20050810,"I248      "
489,20050811,"I397      "
334,20010913,"E500      "
489,20050811,"I398      "
334,20010914,"E501      "
334,20010917,"E504      "
334,20010918,"E507      "
218,20050825,"I493      "
334,20010927,"E515      "
490,20050829,"I250      "
490,20050830,"I326      "
316,20040412,"H154      "
316,20090917,"J831      "
490,20050830,"I473      "
490,20050831,"I473      "
334,20010928,"E516      "
492,20050914,"I527      "
484,20050914,"I367      "
334,20011007,"E516      "
493,20050914,"I367      "
493,20050916,"I369      "
492,20050916,"I368      "
493,20050916,"I388      "
493,20050917,"I372      "
334,20011008,"E521      "
107,19991108,"D228      "
334,20011108,"E526      "
334,20011109,"E527      "
492,20050919,"I373      "
492,20050919,"I374      "
494,20050918,"I493      "
494,20050919,"I384      "
107,19991114,"D229      "
488,20050920,"I530      "
107,20000105,"D759      "
618,20090424,"J756      "
107,20000107,"D761      "
494,20050921,"I438      "
66,20050926,"I515      "
66,20050924,"I414      "
107,20000204,"D804      "
495,20050924,"I391      "
495,20050927,"I516      "
107,20010311,"E398      "
66,20050927,"I572      "
495,20050927,"I573      "
496,20051006,"I574      "
472,20051002,"I574      "
472,20051007,"I576      "
487,20051007,"I577      "
487,20051008,"I577      "
496,20051008,"I577      "
496,20051009,"I578      "
496,20051010,"I578      "
497,20051008,"i578      "
497,20051010,"i579      "
618,20090427,"J757      "
498,20051009,"I579      "
452,20051115,"I589      "
107,20010320,"E401B     "
107,20020412,"E999      "
107,20091005,"J833      "
409,20041205,"H746      "
409,20041207,"H785      "
452,20051121,"I595      "
409,20041208,"H785      "
409,20041210,"H785      "
452,20051123,"I595      "
480,20051125,"I597      "
480,20051125,"I599      "
618,20090428,"J764      "
126,20051128,"I599      "
126,20051129,"I602      "
480,20051129,"I602      "
480,20051129,"I603      "
409,20031204,"G968      "
618,20090516,"J771      "
618,20090517,"J763      "
500,20051203,"I612      "
501,20051203,"i621      "
502,20051203,"I622      "
409,20031230,"H011      "
612,20090307,"J767      "
503,20051208,"i636      "
371,20060103,"I630      "
371,20060109,"I674      "
409,20040124,"H029      "
504,20060107,"I673      "
504,20060107,"I674      "
504,20060109,"I674      "
612,20090527,"J794      "
409,20040125,"H029      "
593,20080621,"J586      "
505,20060114,"I676      "
505,20060115,"I676      "
593,20080624,"j587      "
87,19970407,"C651      "
87,19970412,"C652      "
506,20060116,"I637      "
506,20060120,"I683      "
506,20060116,"I677      "
409,20040218,"H052      "
409,20040223,"H063      "
141,20060121,"I683      "
141,20060123,"I682      "
508,20060124,"I684      "
408,20060125,"I686      "
509,20060202,"I722      "
509,20060203,"I722      "
510,20060214,"I754      "
510,20060217,"I754      "
409,20040224,"H064      "
409,20040225,"H066      "
511,20060225,"I722      "
511,20060226,"I722      "
409,20040307,"H084      "
235,20060308,"I757      "
87,19970421,"C653      "
87,19970505,"C655      "
514,20060321,"I759      "
514,20060323,"I767      "
514,20060323,"I776      "
515,20060327,"I707      "
515,20060327,"I905      "
334,20070509,"J120      "
334,20070517,"J121      "
334,20070919,"J212      "
511,20060228,"I771      "
511,20060505,"I739      "
87,19970506,"C656      "
87,19980211,"C741      "
516,20060502,"I909      "
515,20060505,"I714      "
306,20060410,"I907      "
306,20060503,"I773      "
306,20060506,"I775      "
510,20060214,"I755      "
409,20040310,"H085      "
409,20040311,"H081      "
518,20060503,"I798      "
394,20060512,"I745      "
394,20060514,"I746      "
334,20070920,"J207      "
519,20060615,"I904      "
519,20060616,"I904      "
426,20060616,"I794      "
465,20060616,"I794      "
409,20040516,"H394      "
409,20040528,"H394      "
409,20040604,"H417      "
409,20041010,"H732      "
465,20060618,"I860      "
334,20081029,"J613      "
520,20060620,"I870      "
520,20060620,"I871      "
521,20060621,"i886      "
521,20060621,"i859      "
521,20060621,"I912      "
519,20060622,"I910      "
87,19980317,"C795      "
87,19980324,"C957      "
522,20060624,"I933      "
522,20060625,"I933      "
87,19980423,"C958      "
523,20060625,"i934      "
523,20060626,"i934      "
524,20060629,"i935      "
524,20060701,"i935      "
525,20060629,"I935      "
525,20060701,"I935      "
525,20060702,"I936      "
526,20060705,"I936      "
87,19981103,"D019      "
84,20060716,"I935      "
527,20060722,"I935      "
527,20060724,"I937      "
413,20060723,"I936      "
409,20041028,"H744      "
528,20060731,"I863      "
528,20060801,"I888      "
528,20060801,"I906      "
84,20060623,"I912      "
529,20060807,"I937      "
529,20060808,"I937      "
644,20091227,"J884      "
644,20091228,"J884      "
529,20060808,"I908      "
529,20060810,"I911      "
84,20060809,"I943      "
119,19851028,"3362      "
87,19981114,"D018      "
645,20091230,"J884      "
529,20060825,"I942      "
87,19991223,"D751      "
531,20060824,"I955      "
531,20060826,"I953      "
131,19701207,"0228      "
646,20100113,"J885      "
517,20070809,"J137      "
131,19710601,"0259      "
131,19720910,"0521      "
131,19810612,"0521A     "
84,20061007,"I961      "
534,20061008,"i986      "
84,20061008,"I987      "
519,20061019,"I987      "
519,20061020,"I987      "
519,20061020,"I990      "
139,20061021,"I991      "
535,20061030,"I992      "
119,19851102,"3457      "
119,19851123,"3470      "
188,19970722,"C482      "
536,20061214,"J006      "
536,20061215,"J006      "
394,20061215,"J006      "
131,19850304,"3291      "
517,20070810,"J155      "
394,20061216,"J007      "
538,20070102,"J008      "
538,20070104,"J013      "
538,20070105,"J013      "
538,20070106,"J014      "
538,20070106,"J005      "
31,19921211,"6369      "
517,20070811,"J138      "
31,19921214,"6371      "
31,19940610,"8043      "
517,20070815,"J176      "
517,20070816,"J171      "
517,20071103,"J279      "
131,19850426,"3292      "
539,20070112,"J019      "
539,20070113,"J020      "
517,20060507,"I775      "
517,20060508,"I773      "
541,20070118,"J014      "
541,20070118,"J015      "
131,19930108,"6432      "
542,20070114,"J025      "
543,20070114,"J025      "
544,20070122,"J034      "
517,20070322,"J112      "
517,20070324,"J112      "
517,20070513,"J120      "
517,20070719,"J132      "
544,20070123,"J035      "
544,20070124,"J037      "
544,20070124,"J036      "
542,20070125,"J040      "
544,20070125,"J040      "
517,20070721,"J134      "
542,20070127,"J022      "
544,20070127,"J037      "
544,20070127,"J036      "
488,20070125,"J044      "
488,20070127,"J046      "
545,20070120,"J023      "
545,20070124,"J024A     "
545,20070125,"J024B     "
545,20070130,"J043      "
31,19950901,"9998      "
31,19951023,"A117      "
546,20070130,"J048      "
546,20070201,"J041      "
488,20070131,"J049      "
544,20070201,"J050      "
544,20070201,"J052      "
544,20070203,"J052      "
544,20070204,"J053      "
547,20070208,"J046      "
547,20070208,"J056      "
31,19960402,"A138      "
31,19960502,"A233      "
542,20070208,"J053      "
542,20070208,"J054      "
31,19960702,"B499      "
548,20070213,"J054      "
548,20070215,"J057      "
31,19960831,"B507      "
31,19961119,"A896      "
549,20070215,"J097      "
550,20070112,"J068      "
550,20070227,"J097      "
551,20070304,"J097      "
131,19930114,"6444      "
552,20070304,"J098      "
552,20070306,"J090      "
553,20070304,"J098      "
553,20070306,"J100      "
610,20090206,"J740      "
332,20070304,"J099      "
555,20070307,"J090      "
514,20070306,"J101      "
514,20070307,"J103      "
555,20070308,"J090      "
610,20090207,"J744      "
478,20090701,"J816      "
545,20070309,"J106      "
514,20070309,"J106      "
626,20090714,"J815      "
556,20070315,"j105      "
556,20070318,"j108      "
529,20070317,"j108      "
529,20070318,"j108      "
557,20070315,"J111      "
557,20070318,"J111      "
529,20070318,"J107      "
31,19910709,"5524      "
31,19911203,"5550      "
31,19911213,"5565      "
558,20070326,"j113      "
559,20070326,"j114      "
439,20070409,"J108      "
560,20070408,"J114      "
560,20070409,"J116      "
31,19920901,"6188      "
31,19921111,"6187      "
439,20070412,"J117      "
561,20070412,"J117      "
561,20070414,"J118      "
409,20060502,"I756      "
31,19961123,"A905      "
514,20070417,"J119      "
514,20070418,"J119      "
523,20070429,"J119      "
435,20040308,"H083      "
562,20070522,"j121      "
563,20070523,"j122      "
563,20070525,"j122      "
563,20070526,"J122      "
563,20070527,"J123      "
564,20070610,"j121      "
131,19930210,"6541      "
626,20090724,"J819      "
566,20070620,"j126      "
567,20070610,"j121      "
567,20070620,"j126      "
567,20070620,"J126      "
223,20070625,"J127      "
394,20070703,"J127      "
568,20070630,"J128      "
568,20070706,"J128      "
131,19930322,"6713      "
569,20070715,"J130      "
569,20070716,"J130      "
569,20070718,"J130      "
131,19930501,"6737      "
131,19940103,"7292      "
435,20040311,"H080      "
570,20070721,"J133      "
570,20070721,"J134      "
435,20040317,"H086      "
435,20040321,"H115      "
323,20070610,"J135      "
571,20070727,"J135      "
435,20091011,"J847A     "
435,20091112,"J848      "
119,19851226,"3494      "
435,20091124,"J847      "
572,20070801,"j169      "
572,20070811,"j136      "
573,20070801,"J171      "
510,20070808,"J173      "
510,20070812,"J173      "
510,20070812,"J166      "
510,20070813,"J147      "
510,20070813,"J177      "
635,20091120,"J849      "
409,20050115,"H810      "
131,19940502,"7306      "
510,20070816,"J181      "
574,20070816,"j188      "
131,19940718,"8110      "
510,20070816,"J189      "
517,20071118,"J306      "
574,20070816,"J195      "
131,19950420,"8111      "
510,20070820,"J184      "
510,20070820,"J201      "
480,20070827,"J204      "
480,20070827,"J205      "
480,20070829,"J206      "
480,20070829,"J187      "
119,19860102,"3495      "
480,20070829,"J207      "
480,20070829,"J208      "
480,20070907,"J179      "
576,20070905,"J194      "
576,20070914,"J197      "
517,20090308,"J770      "
517,20090730,"J819      "
629,19300907,"J819      "
577,20070913,"J210      "
577,20070920,"J211      "
517,20091124,"J848      "
517,20100308,"J901      "
638,20091124,"J856      "
638,20091125,"J856      "
438,20070924,"J220      "
438,20070925,"J214      "
438,20070927,"J218      "
638,20100314,"J904      "
409,20050117,"H841      "
578,20070930,"J190      "
578,20071003,"J212      "
579,20070929,"J190      "
579,20071004,"J206      "
510,20070822,"J200      "
580,20071002,"J200      "
581,20071002,"J200      "
581,20071004,"J201      "
580,20071004,"J201      "
580,20071008,"J213      "
582,20071008,"J212      "
582,20071009,"J212      "
438,20071010,"J261      "
438,20071011,"J272      "
583,20071015,"J219      "
409,20050129,"H845      "
409,20050306,"H891      "
438,20071019,"J223      "
409,20050309,"H892      "
584,20071022,"J273      "
584,20071024,"J273      "
409,20050315,"H922      "
409,20050403,"H924      "
585,20071029,"J274      "
585,20071030,"J274      "
586,20071030,"J275      "
586,20071031,"J275      "
586,20071101,"J277      "
587,20071031,"J277      "
587,20071102,"J278      "
587,20071103,"J276      "
409,20050512,"I022      "
409,20050514,"H948      "
409,20050527,"I057      "
542,20071104,"J283      "
119,19860710,"3507      "
119,20071104,"J285      "
409,20050616,"I149      "
634,20091104,"J845      "
634,20091106,"J847      "
634,20091121,"J849A     "
409,20050619,"I159      "
409,20050812,"I209      "
586,20071111,"J285      "
409,20050814,"I211      "
409,20050826,"I493      "
409,20050915,"I526      "
409,20050916,"I528      "
588,20071118,"J320      "
409,20050919,"I375      "
589,20071123,"J294      "
589,20071124,"J293      "
588,20071124,"J319      "
589,20071124,"J343      "
588,20071125,"J311      "
589,20071125,"J343      "
409,20050922,"I387      "
409,20050924,"I481      "
409,20050926,"I572      "
409,20051104,"I592      "
409,20051118,"I588      "
409,20051122,"I596      "
409,20051201,"I614      "
409,20060121,"I708      "
409,20060217,"I758      "
409,20071016,"J219      "
409,20060505,"I757      "
409,20060615,"I764      "
409,20060620,"I766      "
409,20060807,"I938      "
591,19960309,"9987      "
591,19960309,"9988      "
591,20080420,"J552      "
591,20080427,"J553      "
409,20060808,"I938      "
131,20060604,"I912      "
131,20060624,"I887      "
409,20060822,"I942      "
409,20060831,"I956      "
592,20080429,"J554      "
591,20080429,"J556      "
409,20060901,"I945      "
623,20090622,"J812      "
622,20090605,"J807      "
622,20090609,"J808      "
354,20020415,"E861      "
354,20020417,"E860      "
281,19950311,"7894      "
281,20090620,"J810      "
354,20020422,"E878      "
354,20020801,"G457      "
281,20090621,"J809      "
481,20050613,"I057      "
126,20080110,"J441      "
126,20080110,"J442      "
409,20061210,"J005      "
44,19970115,"B775      "
481,20050615,"I057      "
22,19991226,"D752      "
126,20080112,"J438      "
566,20080115,"J456      "
566,20080116,"J456      "
566,20080117,"J459      "
38,20050909,"I526      "
38,20050911,"I526      "
312,20080518,"J570      "
409,20070111,"J003      "
44,20080521,"J571      "
44,20080523,"J573      "
542,20080527,"J577      "
22,19961020,"A911      "
22,19961112,"A912      "
22,19961120,"A913      "
22,19961201,"A915      "
22,19961205,"A952      "
22,19961214,"A973      "
22,19970101,"B782      "
22,19970112,"A996      "
28,20080406,"J510      "
22,19970705,"C488      "
466,20080217,"J463      "
466,20080408,"J511      "
409,20070112,"J016      "
409,20070122,"J028      "
22,19980125,"C714      "
22,19980201,"C807      "
409,20070124,"J041      "
22,19980203,"C733      "
22,19980210,"C734      "
131,19961201,"A916      "
131,19961203,"A932      "
131,19970626,"C556      "
131,19970716,"C500      "
409,20070125,"J041      "
409,20070126,"J042      "
22,19980211,"C741      "
22,19980828,"D329      "
131,19971205,"C546      "
22,19980903,"D331      "
22,19980914,"D351      "
64,20080307,"J472      "
64,20080410,"J517      "
22,19981208,"D065      "
22,19981217,"D064      "
441,20080310,"J479      "
409,20070130,"J274      "
131,19990125,"D399      "
409,20070131,"J048      "
131,19991202,"D740      "
131,20000106,"D808      "
22,19990106,"D082A     "
22,19990206,"D405      "
409,20070210,"J054      "
22,19990212,"D430      "
22,19990303,"D150A     "
22,19990706,"D652      "
22,19990726,"D657      "
22,19990806,"D662      "
22,19991216,"D748      "
409,20070218,"J057      "
127,20071101,"J535      "
22,19991217,"D749      "
22,19991218,"D749      "
22,19991220,"D750      "
22,20000104,"D756      "
22,20000425,"D867      "
22,20000503,"D868      "
22,20000516,"D929      "
22,20001031,"E215      "
22,20001101,"E315      "
22,20010321,"E409      "
22,20010424,"E476      "
22,20010425,"E477      "
22,20010517,"E491      "
22,20010611,"E492      "
22,20010905,"E493      "
22,20020527,"F357      "
22,20020907,"F763      "
22,20080531,"j573      "
409,20070219,"J058      "
409,20070302,"J089      "
409,20070308,"J103      "
639,20091203,"J860      "
273,19970710,"D625      "
637,20090929,"J854      "
637,20091125,"J854      "
119,20071107,"J298      "
119,20071109,"J299      "
119,20090209,"J742      "
273,19990501,"D542      "
507,20060116,"i679      "
507,20060119,"i679      "
507,20070701,"J129      "
507,20091203,"J858      "
409,20070309,"J106      "
409,20070318,"J106      "
636,20091117,"J852      "
636,20091125,"J856      "
636,20091126,"J857      "
633,20091020,"J846      "
633,20091111,"J847      "
633,20091116,"J855      "
633,20091125,"J856      "
633,20091202,"J859      "
507,20091204,"J859      "
409,20070409,"J116      "
409,20070412,"J117      "
409,20070810,"J155      "
409,20070815,"J179      "
409,20070816,"J195      "
409,20070818,"J179      "
409,20070919,"J208      "
627,20090717,"J818      "
627,20090718,"J820      "
409,20071029,"J274      "
409,20071102,"J281      "
409,20071104,"J281      "
409,20071107,"J298      "
409,20071111,"J285      "
409,20071112,"J281      "
409,20071116,"J285      "
409,20071117,"J286      "
409,20071126,"J348      "
409,20071127,"J348      "
409,20071129,"J353      "
409,20071130,"J354      "
409,20071201,"J354      "
409,20071202,"J358      "
409,20071209,"J384      "
409,20071213,"J396      "
409,20071215,"J396      "
409,20080103,"J440      "
409,20080218,"J464      "
409,20080223,"J466      "
409,20080302,"J469      "
409,20080406,"J511      "
409,20080409,"J469      "
409,20080508,"J553      "
409,20080509,"J569      "
409,20080512,"j568      "
409,20080513,"J569      "
409,20080518,"J570      "
409,20080519,"j572      "
409,20080520,"J571      "
409,20080601,"j582      "
409,20080807,"J694      "
409,20080827,"J596      "
409,20080828,"J595      "
409,20080831,"J599      "
409,20080901,"J599A     "
409,20081029,"J618      "
409,20090114,"J724      "
409,20090115,"J724      "
409,20090211,"J741      "
409,20090526,"J794      "
409,20090605,"J799B     "
409,20090606,"J807      "
409,20090821,"J825      "
409,20090830,"J825      "
409,20090917,"J829      "
409,20091004,"j847      "
409,20091018,"J845      "
409,20091020,"J846      "
409,20100130,"J893      "
409,20100207,"J893      "
409,20100322,"J903      "
409,20100324,"J903      "
656,20110613,"B16-3     "
336,20010717,"E490      "
336,20010910,"E490      "
336,20010923,"E512      "
336,20010924,"E513      "
336,20010926,"E515      "
336,20011006,"E517      "
336,20011011,"E523      "
336,20011012,"E524      "
336,20011104,"E525      "
336,30010926,"E513      "
657,20110711,"S5-6      "
658,20101130,"L2-1      "
659,20120121,"R7-1      "
537,20070101,"j008      "
537,20070102,"j008      "
537,20070117,"J022      "
537,20070121,"J022      "
537,20070127,"J040      "
537,20070208,"J053      "
537,20120111,"G9-2      "
304,20000201,"D853      "
304,20100326,"J906      "
31,19961215,"A973      "
31,19970107,"A974      "
31,19970317,"B288A     "
273,19990530,"D625      "
273,20091204,"J860      "
640,20091208,"J863      "
640,20091214,"J863      "
349,20010801,"E627      "
349,20030527,"G923      "
31,19970422,"C592      "
31,19970805,"C563      "
31,19971220,"C721      "
31,19980317,"C796      "
31,19980405,"C918      "
31,19980408,"C920      "
31,19980411,"C921      "
31,19980520,"D258      "
31,19980728,"D298      "
31,19980804,"D299      "
31,19980907,"D335      "
31,19981106,"D020      "
31,19981115,"D023      "
31,19981116,"D024      "
31,19990103,"D079      "
31,19990104,"D079      "
31,19990414,"D207      "
647,20100120,"J893      "
648,20100128,"J893      "
648,20100130,"J893      "
31,19990425,"D213      "
31,19990505,"D615      "
31,19990513,"D619      "
31,19991118,"D234      "
31,20000130,"D794      "
31,20000424,"D866      "
31,20000923,"E108      "
31,20001004,"E127      "
31,20001022,"E167      "
31,20001130,"E251      "
31,20001213,"E254      "
427,20030821,"G967      "
427,20031204,"G966      "
427,20041007,"H720      "
427,20041008,"H722      "
